{
    "KSF": 0.0011,
    "LSF": 0.0005,
    "LKW": 0.0001,
    "ZUG": 0.00004,
    "SCHIFF": 0.00003,
    "E": 0
}