{
    "FLUG": 0.00154,
    "LKW": 0.000121,
    "ZUG": 0.000028,
    "SCHIFF": 0.000015,
    "E": 0
}
